Company,Website,Status,Emails
Amara Raja Energy & Mobility Ltd,https://www.amararaja.com/amara-raja-energy-and-mobility-ltd/,No Website,Not Found
Andhra Petrochemicals Ltd,https://bioenergytimes.com/500-biogas-plants-to-come-up-in-andhra-pradesh/,No Website,Not Found
Bajaj Electricals Ltd-$,https://www.bajajelectricals.com/,Dead Website,"?subject=Check%20this%20out&body=https://www.bajajelectricals.com/, consumercare@bajajelectricals.com"
Bannari Amman Sugars Ltd,https://www.bannari.com/whatsnew.html,No Website,Not Found
Bata India Ltd,https://www.99corporates.com/Company-Overview/BATA-INDIA-LTD/CIN/L19201WB1931PLC007261,Dead Website,Not Found
Bihar Sponge Iron Ltd,https://www.zoominfo.com/c/bihar-sponge-iron-ltd/397741222,Dead Website,Not Found
Disa India Ltd,https://netbanking.indianbank.bank.in/jsp/startIB.jsp,Poor Website,Not Found
Quest Capital Markets Ltd,https://www.qcml.in/,No Website,Not Found
CESC Ltd,https://www.cesc.com/en/index.html,No Website,Not Found
Hindustan Petroleum Corporation Ltd,https://hpcltech.com/,No Website,Not Found
Mangalore Refinery and Petrochemicals Ltd,https://mrpl.co.in/en/,No Website,Not Found
Chennai Petroleum Corporation Ltd,https://cpcl.co.in/,No Website,Not Found
State Bank of India,https://www.askbankifsccode.com/STATE-BANK-OF-INDIA/MADHYA-PRADESH/ALIRAJPUR/CHANDRA-SHEKHAR-AZAD-NAGAR-SBIN0064503,No Website,Not Found
Dr Reddys Laboratories Ltd,https://www.drreddysusa.com/,Dead Website,Not Found
EID Parry India Ltd,https://eidparry.com/,No Website,Not Found
FGP Ltd,https://fate-go.us/news/,No Website,Not Found
Uflex Ltd,https://uflexusa.com/,Dead Website,Not Found
Foseco India Ltd,https://www.fosecoindia.com/en/index.html,Poor Website,Not Found
Ganesh Benzoplast Ltd,https://ganeshgroup.com/contact-us/,Dead Website,Not Found
Metroglobal Ltd,https://www.metrogloballimited.com/who-we-are/,Dead Website,Not Found
GTL Ltd,https://www.gtlvisitme.com/,No Website,Not Found
GHCL Ltd,https://ghcl.co.in/,Dead Website,"weassist@ghcl.co.in?subject=We Assist, corpcommunication@ghcl.co.in, corpcommunication@ghcl.co.in "
GFL Ltd,https://gflenv.com/,Dead Website,Not Found
Gujarat Lease Financing Ltd,https://www.gujaratleasefinancing.co.in/,No Website,Not Found
Hindustan Construction Company Ltd,https://www.hccindia.com/,No Website,Not Found
HMT Ltd,https://www.hmtwatches.store/,No Website,Not Found
India Lease Development Ltd,https://indialease.com/contact.html,No Website,Not Found
Infosys Ltd,https://www.infosys.com/,Dead Website,Not Found
Kalyani Steels Ltd,https://www.kalyanisteels.com/,No Website,Not Found
Kanel Industries Ltd,https://www.kanel.in/,No Website,Not Found
Kinetic Engineering Ltd,https://kineticengineering.io/,No Website,Not Found
Envair Electrodyne Ltd,https://www.envair.in/,No Website,Not Found
Trent Ltd,https://www.thetrentonline.com/category/spotlight/page/2/,No Website,Not Found
Maharashtra Seamless Ltd,https://www.dnb.com/business-directory/company-profiles.maharashtra_seamless_limited.130c887edbe61da9428de2bdea410929.html,No Website,Not Found
Maharashtra Scooters Ltd,https://www.mahascooters.com/,Dead Website,Not Found
Mirc Electronics Ltd,https://escindia.in/membership-certifica/mirc-electronics-ltdonida,No Website,Not Found
Morepen Laboratories Ltd,https://www.morepen.com/,Dead Website,Not Found
HeidelbergCement India Ltd,https://www.ipaddress.com/website/heidelbergcement.com/,Dead Website,Not Found
Naperol Investments Ltd,https://www.naperolinvestments.com/,No Website,Not Found
Nirlon Ltd,https://www.nirlon.us/,No Website,Not Found
Panyam Cements & Mineral Industries Ltd,https://www.panyamcements.in/,Dead Website,Not Found
Prime Securities Ltd,https://www.sec.gov/divisions/enforce/primebank/howtheywork.shtml,Dead Website,Not Found
Rain Industries Ltd,https://www.zoominfo.com/c/rain-carbon-inc/353280736,Dead Website,Not Found
Punjab Communications Ltd-$,https://www.ipaddress.com/website/punjab.gov.pk/,Dead Website,Not Found
Rubfila International Ltd,https://rubfila.com/,Dead Website,Not Found
Patanjali Foods Ltd,https://www.patanjalifoods.com/,No Website,Not Found
Silverline Technologies Ltd,https://silverlinetech.com/,Dead Website,Not Found
Supreme Petrochem Ltd,https://supremepetrochem.com/,Dead Website,Not Found
Swaraj Engines Ltd,https://tractors.fandom.com/wiki/Swaraj_Mazda,Dead Website,Not Found
Thermax Ltd,https://www.thermaxglobal.com/,Dead Website,Not Found
Tokyo Plast International Ltd,https://tokyoplast.com/,Poor Website,Not Found
Hindalco Industries Ltd,https://www.99corporates.com/Company-Overview/HINDALCO-INDUSTRIES-LIMITED/CIN/L27020MH1958PLC011238,Dead Website,Not Found
Team24 Consumer Products Ltd,https://www.team24.in/,Poor Website,Not Found
Mukand Ltd,https://www.mukand.com/,Dead Website,Not Found
Cummins India Ltd,https://www.cummins.com/en/in/company/india-companies/cummins-india-limited,Dead Website,Not Found
Hindustan Motors Ltd,http://www.hindustan-motors.com/,Poor Website,Not Found
Bharat Petroleum Corporation Ltd,https://www.bharatpetroleum.in/index,Dead Website,Not Found
Deepak Fertilisers & Petrochemicals Corporation Ltd,https://www.godeepak.com/,No Website,Not Found
Gujarat Narmada Valley Fertilizers & Chemicals Ltd,https://www.gnfc.in/,No Website,Not Found
Britannia Industries Ltd,https://britannia-international.com/,No Website,Not Found
Colgate Palmolive (India) Ltd,https://www.colgatepalmolive.co.in/,Dead Website,Not Found
Indian Hotels Company Ltd,https://www.ihcltata.com/,Dead Website,Not Found
Castrol India Ltd,https://www.ipaddress.com/website/castrol.com/,Dead Website,Not Found
Dalal Street Investments Ltd,http://dalalstreetinvestments.com/,Dead Website,Not Found
TCI Finance Ltd,https://tcifinance.tc/,No Website,Not Found
Industrial & Prudential Investment Company Ltd,https://industrialprudential.com/aboutus.php,Dead Website,Not Found
Prismx Global Ventures Ltd,https://prismxglobal.com/,No Website,Not Found
Motor & General Finance Ltd,https://www.mgfltd.com/,No Website,Not Found
WH Brady & Company Ltd,https://www.bradyid.com/corporate,Dead Website,Not Found
The Bombay Burmah Trading Corporation Ltd,https://bbtcl.com/,Dead Website,Not Found
Dhenu Buildcon Infra Ltd,https://craft.co/dhenu-buildcon-infra,Dead Website,Not Found
Sagar Cements Ltd-$,https://sagarcements.in/,Dead Website,Not Found
Shree Digvijay Cement Company Ltd-$,https://www.digvijaycement.com/,Dead Website,Not Found
Citadel Realty and Developers Ltd,https://citadelrealty.us/,No Website,Not Found
Gaekwar Mills Ltd ,https://www.gaekwarmills.in/,No Website,Not Found
HP Cotton Textile Mills Ltd,https://hpthreads.com/,Dead Website,Not Found
Katare Spinning Mills Ltd,https://katarespinningmills.com/,No Website,Not Found
Kesoram Industries Ltd,https://www.kesocorp.com/,Dead Website,Not Found
Victoria Mills Ltd,https://victoriamills.com/,Dead Website,victoriam@victoriamills.com
SV Trading & Agencies Ltd ,https://svtrading.in/,Dead Website,Not Found
Svaraj Trading & Agencies Ltd ,https://www.svarajtrading.in/,Dead Website,Not Found
Shree Salasar Investments Ltd,https://www.zaubacorp.com/SHREE-SALASAR-INVESTMENTS-LIMITED-L65990MH1980PLC023228,Dead Website,Not Found
Indsoya Ltd,https://craft.co/indsoya,Dead Website,Not Found
Zodiac Ventures Ltd,https://www.georgiacompanyregistry.com/companies/zodiac-ventures-inc/,Dead Website,Not Found
Veer Energy & Infrastructure Ltd,https://veerenergy.net/,Dead Website,Not Found
Unijolly Investments Company Ltd,http://unijollyinvestments.co.in/,Dead Website,Not Found
Wagend Infra Venture Ltd,https://wagendinfra.in/,No Website,Not Found
Healthy Investments Ltd,https://healthyinvestingtips.com/category/economy/,Dead Website,Not Found
Modipon Ltd,https://www.datanyze.com/companies/modipon/458404984,Dead Website,Not Found
Shri Dinesh Mills Ltd-$,https://tr.investing.com/equities/shri-dinesh-mills-bo,Dead Website,Not Found
SRF Ltd,https://www.srf.com/,Dead Website,Not Found
Elpro International Ltd,http://elpro.co.in/,Under Construction,Not Found
Hind Rectifiers Ltd,https://www.dnb.com/business-directory/company-profiles.hind_rectifiers_limited.8e1bdc8d26e497ad37892ea3800231f9.html,No Website,Not Found
Indokem Ltd,https://melonsandbox.com/,No Website,Not Found
Standard Batteries Ltd,https://www.standardbrand.com/en/catalog/catalog/pdf-catalogs,Dead Website,Not Found
Universal Cables Ltd,https://www.unistar.co.in/,No Website,Not Found
Empower India Ltd,https://empowerindia.in/,Dead Website,Not Found
Grandma Trading & Agencies Ltd ,https://grandmatrading.co.in/,No Website,Not Found
Ardi Investments & Trading Company Ltd,https://www.ardi.co.in/,No Website,Not Found
Nyssa Corporation Ltd,https://finance.yahoo.com/quote/NYSSACORP.BO/?fr=sycsrp_catchall,Dead Website,Not Found
Krishna Ventures Ltd,https://www.krishnaventuresltd.com/,Dead Website,Not Found
Uni Abex Alloy Products Ltd,https://www.uniabex.com/,Dead Website,Not Found
Sarda Energy & Minerals Ltd-$,https://www.seml.co.in/,Dead Website,Not Found
Azad India Mobility Ltd,https://azadindiamobility.com/,No Website,Not Found
Indian Link Chain Manufacturers Ltd,https://inlinch.com/,Dead Website,Not Found
National Standard (India) Ltd,https://www.airindia.com/,No Website,Not Found
Rathi Steel & Power Ltd-$,Not Found,No Website,Not Found
Duncan Engineering Ltd-$,Not Found,No Website,Not Found
Sandur Manganese & Iron Ores Ltd,Not Found,No Website,Not Found
Stovec Industries Ltd,Not Found,No Website,Not Found
Cholamandalam Financial Holdings Ltd,Not Found,No Website,Not Found
Welcast Steels Ltd,Not Found,No Website,Not Found
Western Ministil Ltd,Not Found,No Website,Not Found
Automotive Axles Ltd,Not Found,No Website,Not Found
Atlas Cycles (Haryana) Ltd,Not Found,No Website,Not Found
Automobile Products of India Ltd,Not Found,No Website,Not Found
Automobile Corporation of Goa Ltd-$,Not Found,No Website,Not Found
Setco Automotive Ltd,Not Found,No Website,Not Found
Talbros Automotive Components Ltd,Not Found,No Website,Not Found
ZF Steering Gear India Ltd-$,Not Found,No Website,Not Found
SML Mahindra Ltd,Not Found,No Website,Not Found
TIL Ltd,Not Found,No Website,Not Found
Eicher Motors Ltd,Not Found,No Website,Not Found
Jainex Aamcol Ltd,Not Found,No Website,Not Found
Alfred Herbert India Ltd,Not Found,No Website,Not Found
Veljan Denison Ltd,Not Found,No Website,Not Found
Dynamatic Technologies Ltd-$,Not Found,No Website,Not Found
G. G. Dandekar Properties Ltd,Not Found,No Website,Not Found
GMM Pfaudler Ltd,Not Found,No Website,Not Found
Kirloskar Pneumatic Company Ltd,Not Found,No Website,Not Found
Tulive Developers Ltd,Not Found,No Website,Not Found
KPT Industries Ltd,Not Found,No Website,Not Found
Lakshmi Engineering And Warehousing Ltd,https://www.laxmiengineering.com/laxmiengineering/,Dead Website,Not Found
PS IT Infrastructure & Services Ltd,https://zerodha.com/markets/stocks/ps-it-infrastructure-services-limited/,Dead Website,Not Found
Shyamkamal Investments Ltd ,https://shyamkamal.com/,Dead Website,Not Found
Dolat Algotech Ltd,http://dolatalgotech.in/,No Website,Not Found
Zee Entertainment Enterprises Ltd,https://www.zee.com/,Dead Website,Not Found
Kovalam Investment & Trading Company Ltd ,https://www.equitybulls.com/category.php?page=7,Poor Website,Not Found
SVP Global Textiles Ltd,https://www.svpglobal.co.in/,Dead Website,Not Found
Skyline Millars Ltd,https://tr.investing.com/equities/skyline-millars-bo,Dead Website,Not Found
La Tim Metal & Industries Ltd,https://latimmetal.com/,Dead Website,Not Found
Elecon Engineering Company Ltd,https://www.eleconindia.com/,Poor Website,Not Found
International Combustion India Ltd,https://www.dnb.com/business-directory/company-profiles.international_combustion_(india)_limited.aa2a5debe2d1ff924f6701d80182c371.html,No Website,Not Found
Josts Engineering Company Ltd,https://josts.com/,Dead Website,Not Found
SNL Bearings Ltd,https://tr.investing.com/equities/snl-bearings-bo,Dead Website,Not Found
WPIL Ltd,http://www.wpil.com/,Poor Website,Not Found
Prakash Industries Ltd,https://www.prakash.com/,Poor Website,Not Found
Hariyana Ventures Ltd,https://www.hariyanaventures.in/,No Website,Not Found
Grindwell Norton Ltd-$,https://www.grindwellnorton.co.in/,Dead Website,Not Found
Gourmet Gateway India Ltd,https://www.gourmetgateway.co.in/,No Website,Not Found
Apis India Ltd,https://www.apisindia.com/,No Website,Not Found
Sarvamangal Mercantile Company Ltd ,http://sarvamangalmercantile.in/,Dead Website,Not Found
Styrenix Performance Materials Ltd,https://www.motisonsshares.com/fundamental/company-profile/styrenix-performance-materials-ltd,Dead Website,Not Found
Amines & Plasticizers Ltd,https://community.ultimaker.com/topic/38325-chemical-resistant-filament-to-amines/,Dead Website,Not Found
Anuh Pharma Ltd,https://www.anuhpharma.com/,Dead Website,Not Found
Bayer CropScience Ltd,https://www.bayer.com/en/agriculture-overview,Dead Website,Not Found
Star Source Multi Trade Ltd,https://www.starsourcemultitrade.com/about.php,No Website,Not Found
Citurgia Biochemicals Ltd,https://citurgiabiochemicals.com/,No Website,Not Found
Coromandel International Ltd,https://coromandelintl.com/,No Website,Not Found
Fermenta Biotech Ltd,https://fermentausa.com/,Dead Website,Not Found
GOCL Corporation Ltd-$,https://goclcorp.com/,Dead Website,Not Found
Kemp & Company Ltd,http://www.kempnco.com/,Dead Website,Not Found
PCBL Chemical Ltd,https://www.pcblltd.com/,No Website,Not Found
Amal Ltd,https://www.amalhopefilm.com/,No Website,Not Found
Punjab Chemicals & Crop Protection Ltd-$,https://www.kotaksecurities.com/stocks/punjab-chemicals-crop-protection-ltd/,No Website,Not Found
ZR2 Bioenergy Ltd,https://zr2group.com/our-business/,No Website,Not Found
AstraZeneca Pharma India Ltd,https://www.astrazeneca.in/,Dead Website,Not Found
Gujarat Petrosynthese Ltd,https://www.gpl.in/,Dead Website,Not Found
Swadeshi Industries & Leasing Ltd,https://www.swadeshiglobal.com/,No Website,Not Found
JB Chemicals & Pharmaceuticals Ltd,https://www.pharmaheights.com/j-b-chemicals-and-pharmaceuticals,Dead Website,Not Found
Indo Gulf Industries Ltd,https://yourstory.com:443/2021/10/gulf-islamic-investment-open-bengaluru-office,Dead Website,Not Found
Advance Petrochemicals Ltd,https://www.advancepetro.com/,Dead Website,Not Found
Rajasthan Petro Synthetics Ltd,https://rpsl.co.in/contactus.htm,Dead Website,Not Found
Bluechip Tex Industries Ltd,http://www.bluechiptexindustrieslimited.com/,Dead Website,Not Found
Jagatjit Industries Ltd,https://www.jagatjit.in/,Dead Website,Not Found
The Ravalgaon Sugar Farm Ltd,https://www.trsfl.in/,No Website,Not Found
IFB Agro Industries Ltd,https://ifbfreshcatch.com/about-us,No Website,Not Found
Associated Alcohols & Breweries Ltd,https://www.zoominfo.com/c/associated-alcohols--breweries-ltd/347513007,Dead Website,Not Found
Thakkers Group Ltd,https://www.99acres.com/thakkers-grandeur-photos-yeolekar-mala-nasik-npxid-r218077,Dead Website,Not Found
Milkfood Ltd,https://www.milkfoodltd.com/,No Website,Not Found
Polson Ltd,https://www.cityofpolson.com/,Dead Website,Not Found
Orient Beverages Ltd,https://obl.net.in/,No Website,Not Found
TGV Sraac Ltd,https://www.tgvgroup.com/sree-rayalaseema-alkalies-and-allied-chemicals-ltd..html,Dead Website,Not Found
Addi Industries Ltd-$,http://www.addiindustries.com/,Dead Website,Not Found
Fiberweb India Ltd,http://www.indiapost.gov.in/,No Website,Not Found
LKP Finance Ltd,https://www.investing.com/equities/lkp-finance-bo-financial-summary,Dead Website,Not Found
Kiduja India Ltd,https://kiduja.com/,No Website,Not Found
Key Corporation Ltd,https://www.key.com/personal/index.html,No Website,Not Found
Fynx Capital Ltd,https://fynxcapital.com/,No Website,Not Found
Jolly Plastic Industries Ltd,https://jollyplasticindustriesltd.in/,Dead Website,Not Found
Jindal Hotels Ltd,https://www.tripadvisor.in/Hotel_Review-g2282389-d4089431-Reviews-Hotel_Jindal-Neemuch_Neemuch_District_Madhya_Pradesh.html,Dead Website,Not Found
Simmonds Marshall Ltd,Not Found,No Website,Not Found
Warren Tea Ltd-$,http://warrentea.com/,Dead Website,Not Found
Best Eastern Hotels Ltd,Not Found,No Website,Not Found
Neelamalai Agro Industries Ltd,Not Found,No Website,Not Found
I S T Ltd,Not Found,No Website,Not Found
Cosmo First Ltd,Not Found,No Website,Not Found
New Markets Advisory Ltd,Not Found,No Website,Not Found
Apollo Hospitals Enterprise Ltd,Not Found,No Website,Not Found
Nitin Castings Ltd,Not Found,No Website,Not Found
Nexome Capital Markets Ltd,Not Found,No Website,Not Found
Everest Industries Ltd,Not Found,No Website,Not Found
Ironwood Education Ltd,Not Found,No Website,Not Found
MSR India Ltd,Not Found,No Website,Not Found
AYM Syntex Ltd,Not Found,No Website,Not Found
Panasonic Carbon India Company Ltd-$,Not Found,No Website,Not Found
Finkurve Financial Services Ltd,Not Found,No Website,Not Found
HB Leasing & Finance Company Ltd,Not Found,No Website,Not Found
Shricon Industries Ltd,Not Found,No Website,Not Found
Trustwave Securities Ltd,Not Found,No Website,Not Found
Sulabh Engineers & Services Ltd,Not Found,No Website,Not Found
Frontier Capital Ltd,Not Found,No Website,Not Found
Navneet Education Ltd,Not Found,No Website,Not Found
Kedia Construction Company Ltd ,Not Found,No Website,Not Found
Transoceanic Properties Ltd,Not Found,No Website,Not Found
AuSom Enterprise Ltd,Not Found,No Website,Not Found
Thakral Services India Ltd,Not Found,No Website,Not Found
Ruchi Infrastructure Ltd,Not Found,No Website,Not Found
Golden Legand Leasing & finance Ltd,Not Found,No Website,Not Found
VJTF Eduservices Ltd,Not Found,No Website,Not Found
Voltaire Leasing & Finance Ltd ,Not Found,No Website,Not Found
Netlink Solutions India Ltd,Not Found,No Website,Not Found
Triliance Polymers Ltd,Not Found,No Website,Not Found
Lancor Holdings Ltd,Not Found,No Website,Not Found
Indian Infotech & Software Ltd,Not Found,No Website,Not Found
Banas Finance Ltd,Not Found,No Website,Not Found
Visaka Industries Ltd,Not Found,No Website,Not Found
Infomedia Press Ltd,Not Found,No Website,Not Found
Hathway Bhawani Cabletel & Datacom Ltd,Not Found,No Website,Not Found
Gufic Biosciences Ltd,Not Found,No Website,Not Found
Oswal Leasing Ltd,Not Found,No Website,Not Found
GRP Ltd,Not Found,No Website,Not Found
Indag Rubber Ltd-$,Not Found,No Website,Not Found
MM Rubber Company Ltd,Not Found,No Website,Not Found
PTL Enterprises Ltd-$,Not Found,No Website,Not Found
TVS Srichakra Ltd-$,Not Found,No Website,Not Found
Sanathnagar Enterprises Ltd,Not Found,No Website,Not Found
Benares Hotels Ltd,Not Found,No Website,Not Found
Bhagawati Oxygen Ltd,Not Found,No Website,Not Found
Bombay Oxygen Investments Ltd,Not Found,No Website,Not Found
Cravatex Ltd,Not Found,No Website,Not Found
Berger Paints India Ltd,Not Found,No Website,Not Found
Caprihans India Ltd-$,Not Found,No Website,Not Found
Graphite India Ltd,Not Found,No Website,Not Found
Cemindia Projects Ltd,Not Found,No Website,Not Found
Empire Industries Ltd,Not Found,No Website,Not Found
Garware Technical Fibres Ltd,https://www.garwarefibres.com/,Dead Website,Not Found
HEG Ltd,https://hegltd.com/,Dead Website,Not Found
Hindustan Composites Ltd,https://tr.investing.com/equities/hindustan-composites-ltd,Dead Website,Not Found
Hindustan Housing Company Ltd ,https://tr.investing.com/equities/hindustan-housing,Dead Website,Not Found
Birlanu Ltd,https://birlanu.com/,No Website,Not Found
International Conveyors Ltd,https://iclbelting.com/,Dead Website,Not Found
Modern Shares & Stockbrokers Ltd,http://www.modernshares.com/,Dead Website,Not Found
Oseaspre Consultants Ltd,https://oseaspre.com/,No Website,Not Found
Premier Synthetics Ltd,https://www.premiersyntheticsltd.com/,No Website,Not Found
Shah Construction Company Ltd,https://www.theshahconstruction.com/,No Website,Not Found
Sinnar Bidi Udyog Ltd,http://sinnarbidi.com/,No Website,Not Found
Madhusudan Securities Ltd,https://mslsecurities.com/,No Website,Not Found
Yamini Investments Company Ltd,https://www.yaminiinvestments.co.in/,Dead Website,Not Found
Sakthi Finance Ltd,https://tulsaheartandsoul.com/news/business/finance/sakthi-finance-ncd-april-2022-date-rating-interest-rates/,Dead Website,info@ppbcinc.com
JMD Ventures Ltd,https://www.jmdventuresfl.com/,No Website,Not Found
Tivoli Construction Ltd,https://tivoliconstructionltd.co.uk/,No Website,Not Found
Quadrant Televentures Ltd-$,https://pitchbook.com/profiles/company/165233-26,Dead Website,Not Found
First Custodian Fund India Ltd,http://firstcustodianfund.in/,Dead Website,Not Found
Millennium Online Solutions ( India ) Ltd,https://mosilonline.in/,No Website,Not Found
ICDS Ltd,https://icds.gov.in/en/about-us,No Website,Not Found
Sagar Systech Ltd,https://sagarsystech.com/,Dead Website,Not Found
Iconik Sports And Events Ltd,http://www.iconiksportsandeventslimited.com/,Dead Website,Not Found
Inter Globe Finance Ltd,https://www.igfl.co.in/,Dead Website,Not Found
Shristi Infrastructure Development Corporation Ltd,https://www.shristicorp.com/,Dead Website,Not Found
Crest Ventures Ltd,http://crestures.com/,Dead Website,Not Found
Dharani Finance Ltd,https://www.dnb.com/business-directory/company-profiles.dharani_finance_limited.db19c8bf2f65a1c803006e1a0d149d92.html,No Website,Not Found
Ushakiran Finance Ltd,http://www.uflfinance.com/,Dead Website,Not Found
Veerhealth Care Ltd,https://veerhealthcare.net/,Dead Website,Not Found
NDA Securities Ltd,https://www.ndaindia.com/open_an_account.php,Dead Website,Not Found
Supra Trends Ltd,https://www.coingecko.com/en/coins/supra,Dead Website,Not Found
Pro Fin Capital Services Ltd,https://profincapital.co.in/,Poor Website,Not Found
Team India Guaranty Ltd,https://teamindiaguarantylimited.com/,No Website,Not Found
Som Datt Finance Corporation Ltd,https://www.zoominfo.com/c/som-datt-finance-corporation-ltd/426047366,Dead Website,Not Found
Mantra Capital Ltd,https://sosovalue.com/project/mantra-1844233722496241665,Dead Website,Not Found
Befound Movement Ltd,https://tr.investing.com/equities/regency-trust-bo,Dead Website,Not Found
Yash Management & Satellite Ltd,https://www.sammyfans.com/2025/03/20/galaxy-s25-pixel-9-getting-huge-satellite-upgrade-by-verizon-us/,Dead Website,Not Found
Omega Interactive Technologies Ltd,https://omegainteractive.in/,No Website,Not Found
GIC Housing Finance Ltd,https://www.gichfindia.com/Hub+Offices.php,Dead Website,Not Found
Mathew Easow Research Securities Ltd,https://www.mersl.co.in/,Dead Website,Not Found
Chartered Capital & Investment Ltd,https://charteredcapital.com.np/,No Website,Not Found
Nimbus Projects Ltd,https://nimbusproject.org/,Dead Website,Not Found
Invigorated Business Consulting Ltd,https://www.ibcl.ltd/,No Website,Not Found
Mehta Securities Ltd,https://mehtagroup.in/,Dead Website,Not Found
Mansi Finance (Chennai) Ltd,https://www.zaubacorp.com/MANSI-FINANCE-CHENNAI-LIMITED-L65191TN1994PLC028734,Dead Website,Not Found
Aastamangalam Finance Ltd,https://www.zaubacorp.com/AASTAMANGALAM-FINANCE-LIMITED-L65191TN1985PLC011503,Dead Website,Not Found
Nilkanth Engineering Ltd,http://www.nilkanthengineering.co.in/,Dead Website,Not Found
Saraswati Commercial India Ltd,https://blog.shikshacoach.com/saraswati-ias/,Dead Website,Not Found
TCC Concept Ltd,https://www.dnb.com/business-directory/company-profiles.tcc_concept_limited.6f8bad5964a910e06dd310d0558d8cb4.html,No Website,Not Found
Royal India Corporation Ltd,https://www.themaharajatrain.com/contact-us/,Dead Website,Not Found
Ventura Guaranty Ltd,https://venturaguaranty.com/,No Website,Not Found
Nibe Ordnance and Maritime Ltd,https://www.nibeordnanceandmaritime.com/,No Website,Not Found
Saianand Commercial Ltd,https://saianandcommerciallimited.online/,No Website,Not Found
Eyantra Ventures Ltd,https://eyantraventures.com/,No Website,Not Found
Nidhi Granites Ltd,https://nidhigranites.com/,Dead Website,Not Found
Signet Industries Ltd,https://signetjewelers.com/our-home/default.aspx,Dead Website,Not Found
Kajal Synthetics & Silk Mills Ltd,https://www.kajalsynthetics.co.in/,No Website,Not Found
Securekloud Technologies Ltd,https://www.securekloud.com/,No Website,info@securekloud.com
Abans Enterprises Ltd,https://www.abansenterprises.com/,No Website,Not Found
Classic Electricals Ltd,https://www.classicelectricals.co.in/,Dead Website,Not Found
Prism Medico and Pharmacy Ltd,http://www.prismmedico.in/,Dead Website,Not Found
SPV Global Trading Ltd,https://www.crunchbase.com/organization/spv-global-trading,Dead Website,Not Found
Nivi Trading Ltd,https://www.nivionline.com/,Dead Website,Not Found
Swasti Vinayaka Art And Heritage Corporation Ltd,https://swastivinayakaart.co.in/,No Website,Not Found
Bhagyanagar India Ltd,https://bhagyanagarindia.com/,Dead Website,Not Found
Mansoon Trading Company Ltd,https://mansoontrading.co.in/,Dead Website,Not Found
SG Mart Ltd,https://sg-mart.com/,No Website,Not Found
Yash Trading & Finance Ltd,https://ytfl.in/investor_information.php,No Website,Not Found
Cupid Breweries And Distilleries Ltd,https://cupidalcobev.com/about-us/,No Website,Not Found
Uniworth Securities Ltd,https://www.zoominfo.com/c/uniworth-securities/372151394,Dead Website,Not Found
Mercury Trade Links Ltd,https://www.stockinsign.com/,No Website,Not Found
Asutosh Enterprise Ltd,https://www.theindiancommunity.org/tags/enterprises/,No Website,Not Found
Enbee Trade & Finance Ltd,https://enbee.in/,No Website,Not Found
Lloyds Enterprises Ltd,https://www.lloydsenterprises.in/index.php/lloyds-eng/,No Website,Not Found
Virya Resources Ltd,https://viryaresources.com/,No Website,Not Found
Oasis Securities Ltd,https://tr.investing.com/equities/oasis-securities-bo,Dead Website,Not Found
Garnet International Ltd,https://10times.com/garnetcardiff,Dead Website,Not Found
Shalimar Productions Ltd,https://tr.investing.com/equities/shalimar-productions-bo,Dead Website,Not Found
Meenakshi Steel Industries Ltd,https://www.meenakshisteel.in/,Dead Website,Not Found
Neelkanth Ltd-$,https://neelkanth.edu.in/,Dead Website,Not Found
Zodiac-JRD-MKJ Ltd,https://zodiacjrdmkjltd.co.in/,No Website,Not Found
Pulsar International Ltd,https://pulsarinternational.co.in/,No Website,Not Found
Keynote Financial Services Ltd,https://www.keynotefs.com/,No Website,Not Found
Astal Laboratories Ltd,https://astallabs.com/,No Website,Not Found
Haria Exports Ltd-$,https://therichpost.com/angular-9-10-ecommerce-website-with-laravel-api-json-data/,No Website,Not Found
Hindusthan Udyog Ltd,https://www.udyogaadhaar.gov.in/UdyamRegistration.aspx,No Website,Not Found
Remi Edelstahl Tubulars Ltd,https://www.remigroup.com/retl/,No Website,Not Found
GS Auto International Ltd,https://gsauto.in/company/about_us,Dead Website,Not Found
Trans Freight Containers Ltd,https://tfcl.in/,Dead Website,Not Found
Oricon Enterprises Ltd-$,http://www.oriconenterprises.com/,Dead Website,Not Found
Pennar Industries Ltd-$,https://www.pennarindia.com/,Dead Website,Not Found
Jay Ushin Ltd,https://jayushin.in/,No Website,Not Found
Modern Steels Ltd-$,Not Found,No Website,Not Found
Synthiko Foils Ltd,Not Found,No Website,Not Found
Golkonda Aluminium Extrusions Ltd-$,Not Found,No Website,Not Found
Gujarat Toolroom Ltd,Not Found,No Website,Not Found
Ajmera Realty & Infra India Ltd,Not Found,No Website,Not Found
Cochin Minerals & Rutiles Ltd-$,Not Found,No Website,Not Found
India Homes Ltd,Not Found,No Website,Not Found
Krishanveer Forge Ltd,Not Found,No Website,Not Found
Carborundum Universal Ltd,Not Found,No Website,Not Found
MMTC Ltd,Not Found,No Website,Not Found
Vallabh Steels Ltd-$,Not Found,No Website,Not Found
Smiths & Founders (India) Ltd,Not Found,No Website,Not Found
Bloom Industries Ltd,Not Found,No Website,Not Found
Maitri Enterprises Ltd,Not Found,No Website,Not Found
Shah Alloys Ltd,Not Found,No Website,Not Found
Elango Industries Ltd,Not Found,No Website,Not Found
Kanishk Steel Industries Ltd,Not Found,No Website,Not Found
Mahalaxmi Seamless Ltd-$,Not Found,No Website,Not Found
Simplex Castings Ltd,Not Found,No Website,Not Found
Shree Steel Wire Ropes Ltd,Not Found,No Website,Not Found
Sizemasters Technology Ltd,Not Found,No Website,Not Found
Southern Magnesium & Chemicals Ltd,Not Found,No Website,Not Found
Baroda Extrusion Ltd,Not Found,No Website,Not Found
Gujarat Containers Ltd,Not Found,No Website,Not Found
Kalyani Forge Ltd,Not Found,No Website,Not Found
Panchmahal Steel Ltd,Not Found,No Website,Not Found
Aditya Ispat Ltd,Not Found,No Website,Not Found
Steelcast Ltd,Not Found,No Website,Not Found
Pitti Engineering Ltd-$,Not Found,No Website,Not Found
Glittek Granites Ltd,Not Found,No Website,Not Found
Pradeep Metals Ltd,Not Found,No Website,Not Found
Gujarat Natural Resources Ltd,Not Found,No Website,Not Found
Tamilnadu Steel Tubes Ltd,Not Found,No Website,Not Found
Sharda Ispat Ltd,Not Found,No Website,Not Found
Mahamaya Steel Industries Ltd,Not Found,No Website,Not Found
Nova Iron & Steel Ltd,Not Found,No Website,Not Found
Sterling Powergensys Ltd,Not Found,No Website,Not Found
Foundry Fuel Products Ltd,Not Found,No Website,Not Found
Hindustan Copper Ltd,Not Found,No Website,Not Found
Tulsyan NEC Ltd-$,Not Found,No Website,Not Found
Axel Polymers Ltd,Not Found,No Website,Not Found
NLC India Ltd,Not Found,No Website,Not Found
Spectra Industries Ltd,Not Found,No Website,Not Found
KIC Metaliks Ltd,Not Found,No Website,Not Found
Solid Stone Company Ltd,Not Found,No Website,Not Found
Shilp Gravures Ltd-$,Not Found,No Website,Not Found
White Organic Agro Ltd,Not Found,No Website,Not Found
MFS Intercorp Ltd,Not Found,No Website,Not Found
Aro Granite Industries Ltd-$,Not Found,No Website,Not Found
Rudra Ecovation Ltd,Not Found,No Website,Not Found
Rajkamal Synthetics Ltd,Not Found,No Website,Not Found
Deepak Spinners Ltd-$,Not Found,No Website,Not Found
Loyal Textile Mills Ltd-$,Not Found,No Website,Not Found
Himatsingka Seide Ltd,Not Found,No Website,Not Found
BSL Ltd,Not Found,No Website,Not Found
Newtrac Foods & Beverages Ltd,Not Found,No Website,Not Found
PBM Polytex Ltd-$,Not Found,No Website,Not Found
Adinath Textiles Ltd,Not Found,No Website,Not Found
Konark Synthetic Ltd,Not Found,No Website,Not Found
